/*
 Navicat Premium Data Transfer

 Source Server         : bishe
 Source Server Type    : MySQL
 Source Server Version : 80032
 Source Host           : localhost:3306
 Source Schema         : health_db

 Target Server Type    : MySQL
 Target Server Version : 80032
 File Encoding         : 65001

 Date: 10/03/2026 22:24:05
*/

SET NAMES utf8mb4;
SET FOREIGN_KEY_CHECKS = 0;

-- ----------------------------
-- Table structure for body_metric_record
-- ----------------------------
DROP TABLE IF EXISTS `body_metric_record`;
CREATE TABLE `body_metric_record`  (
  `id` bigint NOT NULL AUTO_INCREMENT COMMENT '主键',
  `user_id` bigint NOT NULL COMMENT '用户ID',
  `record_date` date NOT NULL COMMENT '记录日期（建议每周/每月选一天）',
  `weight_kg` decimal(5, 2) NULL DEFAULT NULL COMMENT '体重(kg)',
  `body_fat_pct` decimal(5, 2) NULL DEFAULT NULL COMMENT '体脂率(%)',
  `chest_cm` decimal(5, 2) NULL DEFAULT NULL COMMENT '胸围(cm)',
  `waist_cm` decimal(5, 2) NULL DEFAULT NULL COMMENT '腰围(cm)',
  `hip_cm` decimal(5, 2) NULL DEFAULT NULL COMMENT '臀围(cm)',
  `remark` varchar(255) CHARACTER SET utf8mb4 COLLATE utf8mb4_0900_ai_ci NULL DEFAULT NULL COMMENT '备注',
  `create_time` datetime NOT NULL DEFAULT CURRENT_TIMESTAMP,
  `update_time` datetime NOT NULL DEFAULT CURRENT_TIMESTAMP ON UPDATE CURRENT_TIMESTAMP,
  PRIMARY KEY (`id`) USING BTREE,
  UNIQUE INDEX `uk_user_date`(`user_id` ASC, `record_date` ASC) USING BTREE,
  INDEX `idx_user_date`(`user_id` ASC, `record_date` ASC) USING BTREE
) ENGINE = InnoDB AUTO_INCREMENT = 52 CHARACTER SET = utf8mb4 COLLATE = utf8mb4_0900_ai_ci COMMENT = '身体指标记录表' ROW_FORMAT = Dynamic;

-- ----------------------------
-- Records of body_metric_record
-- ----------------------------
INSERT INTO `body_metric_record` VALUES (2, 1, '2026-02-28', 78.60, 25.80, 98.00, 98.00, 103.00, '开始减脂', '2026-02-28 01:58:09', '2026-02-28 01:58:09');
INSERT INTO `body_metric_record` VALUES (3, 1, '2026-01-05', 78.60, 25.80, 98.00, 92.00, 103.00, '开始减脂', '2026-02-28 02:01:19', '2026-02-28 02:01:19');
INSERT INTO `body_metric_record` VALUES (4, 1, '2026-01-12', 78.00, 25.40, 98.00, 91.20, 102.70, '控糖+走路', '2026-02-28 02:01:19', '2026-02-28 02:01:19');
INSERT INTO `body_metric_record` VALUES (5, 1, '2026-01-19', 77.40, 24.90, 97.80, 90.40, 102.30, '有氧3次', '2026-02-28 02:01:19', '2026-02-28 02:01:19');
INSERT INTO `body_metric_record` VALUES (6, 1, '2026-01-26', 76.90, 24.50, 97.80, 89.60, 101.80, '睡眠改善', '2026-02-28 02:01:19', '2026-02-28 02:01:19');
INSERT INTO `body_metric_record` VALUES (7, 1, '2026-02-02', 76.30, 24.00, 97.60, 88.80, 101.40, '力量2次', '2026-02-28 02:01:19', '2026-02-28 02:01:19');
INSERT INTO `body_metric_record` VALUES (8, 1, '2026-02-09', 75.80, 23.60, 97.60, 88.10, 101.00, '饮食稳定', '2026-02-28 02:01:19', '2026-02-28 02:01:19');
INSERT INTO `body_metric_record` VALUES (9, 1, '2026-02-16', 75.20, 23.10, 97.40, 87.30, 100.60, '有氧+力量', '2026-02-28 02:01:19', '2026-02-28 02:01:19');
INSERT INTO `body_metric_record` VALUES (10, 1, '2026-02-23', 74.70, 22.70, 97.40, 86.60, 100.20, '体态更好', '2026-02-28 02:01:19', '2026-02-28 02:01:19');
INSERT INTO `body_metric_record` VALUES (11, 2, '2025-09-02', 92.50, 31.80, 110.00, 104.00, 112.00, '开局：体重偏高', '2026-02-28 02:20:04', '2026-02-28 02:20:04');
INSERT INTO `body_metric_record` VALUES (12, 2, '2025-09-09', 91.80, 31.40, 109.80, 103.40, 111.60, '开始控制饮食', '2026-02-28 02:20:04', '2026-02-28 02:20:04');
INSERT INTO `body_metric_record` VALUES (13, 2, '2025-09-16', 90.20, 30.90, 109.40, 102.60, 111.00, '一周有氧3次', '2026-02-28 02:20:04', '2026-02-28 02:20:04');
INSERT INTO `body_metric_record` VALUES (14, 2, '2025-09-23', 91.00, 31.20, 109.60, 103.10, 111.20, '应酬反弹', '2026-02-28 02:20:04', '2026-02-28 02:20:04');
INSERT INTO `body_metric_record` VALUES (15, 2, '2025-09-30', 89.60, 30.60, 109.00, 102.00, 110.60, '回到节奏', '2026-02-28 02:20:04', '2026-02-28 02:20:04');
INSERT INTO `body_metric_record` VALUES (16, 2, '2025-10-07', 88.30, 30.10, 108.60, 101.20, 110.00, '增加步行', '2026-02-28 02:20:04', '2026-02-28 02:20:04');
INSERT INTO `body_metric_record` VALUES (17, 2, '2025-10-14', 87.90, 29.80, 108.40, 100.60, 109.70, '睡眠改善', '2026-02-28 02:20:04', '2026-02-28 02:20:04');
INSERT INTO `body_metric_record` VALUES (18, 2, '2025-10-21', 89.20, 30.20, 108.80, 101.40, 110.10, '生病少动', '2026-02-28 02:20:04', '2026-02-28 02:20:04');
INSERT INTO `body_metric_record` VALUES (19, 2, '2025-10-28', 86.80, 29.40, 108.00, 99.80, 109.20, '恢复训练', '2026-02-28 02:20:04', '2026-02-28 02:20:04');
INSERT INTO `body_metric_record` VALUES (20, 2, '2025-11-04', 85.60, 28.90, 107.60, 99.00, 108.80, '力量+有氧', '2026-02-28 02:20:04', '2026-02-28 02:20:04');
INSERT INTO `body_metric_record` VALUES (21, 2, '2025-11-11', 84.90, 28.50, 107.40, 98.40, 108.50, '稳定下降', '2026-02-28 02:20:04', '2026-02-28 02:20:04');
INSERT INTO `body_metric_record` VALUES (22, 2, '2025-11-18', 86.10, 28.80, 107.60, 99.20, 108.90, '火锅周反弹', '2026-02-28 02:20:04', '2026-02-28 02:20:04');
INSERT INTO `body_metric_record` VALUES (23, 2, '2025-11-25', 83.70, 28.00, 107.00, 97.60, 108.00, '恢复控制', '2026-02-28 02:20:04', '2026-02-28 02:20:04');
INSERT INTO `body_metric_record` VALUES (24, 2, '2025-12-02', 82.90, 27.60, 106.80, 97.00, 107.60, '状态不错', '2026-02-28 02:20:04', '2026-02-28 02:20:04');
INSERT INTO `body_metric_record` VALUES (25, 2, '2025-12-09', 84.00, 27.90, 107.00, 97.80, 108.00, '旅行水肿', '2026-02-28 02:20:04', '2026-02-28 02:20:04');
INSERT INTO `body_metric_record` VALUES (26, 2, '2025-12-16', 81.80, 27.10, 106.40, 96.20, 107.20, '回来继续减', '2026-02-28 02:20:04', '2026-02-28 02:20:04');
INSERT INTO `body_metric_record` VALUES (27, 2, '2025-12-23', 80.70, 26.60, 106.00, 95.60, 106.80, '临近目标', '2026-02-28 02:20:04', '2026-02-28 02:20:04');
INSERT INTO `body_metric_record` VALUES (28, 2, '2025-12-30', 81.90, 26.90, 106.20, 96.40, 107.30, '跨年聚餐', '2026-02-28 02:20:04', '2026-02-28 02:20:04');
INSERT INTO `body_metric_record` VALUES (29, 2, '2026-01-06', 79.80, 26.10, 105.60, 94.80, 106.30, '重新规律', '2026-02-28 02:20:04', '2026-02-28 02:20:04');
INSERT INTO `body_metric_record` VALUES (30, 2, '2026-01-13', 78.90, 25.60, 105.20, 94.20, 105.90, '继续下降', '2026-02-28 02:20:04', '2026-02-28 02:20:04');
INSERT INTO `body_metric_record` VALUES (31, 2, '2026-01-20', 80.30, 25.90, 105.40, 95.00, 106.20, '暴食反弹', '2026-02-28 02:20:04', '2026-02-28 02:20:04');
INSERT INTO `body_metric_record` VALUES (32, 2, '2026-01-27', 78.10, 25.20, 104.80, 93.60, 105.40, '恢复运动', '2026-02-28 02:20:04', '2026-02-28 02:20:04');
INSERT INTO `body_metric_record` VALUES (33, 2, '2026-02-03', 77.40, 24.80, 104.40, 93.00, 105.00, '接近终点', '2026-02-28 02:20:04', '2026-02-28 02:20:04');
INSERT INTO `body_metric_record` VALUES (34, 2, '2026-02-10', 79.00, 25.10, 104.70, 94.00, 105.60, '春节反弹', '2026-02-28 02:20:04', '2026-02-28 02:20:04');
INSERT INTO `body_metric_record` VALUES (35, 3, '2025-12-01', 75.00, 18.50, 96.00, 82.00, 96.00, '增肌开始：适应训练', '2026-02-28 02:24:52', '2026-02-28 02:24:52');
INSERT INTO `body_metric_record` VALUES (36, 3, '2025-12-08', 75.60, 18.60, 96.50, 82.10, 96.30, '蛋白到位，训练3次', '2026-02-28 02:24:52', '2026-02-28 02:24:52');
INSERT INTO `body_metric_record` VALUES (37, 3, '2025-12-15', 76.30, 18.80, 97.10, 82.30, 96.70, '上肢力量提升', '2026-02-28 02:24:52', '2026-02-28 02:24:52');
INSERT INTO `body_metric_record` VALUES (38, 3, '2025-12-22', 76.90, 19.00, 97.60, 82.60, 97.00, '聚餐一周轻微水肿', '2026-02-28 02:24:52', '2026-02-28 02:24:52');
INSERT INTO `body_metric_record` VALUES (39, 3, '2025-12-29', 77.40, 19.10, 98.10, 82.50, 97.30, '恢复规律训练', '2026-02-28 02:24:52', '2026-02-28 02:24:52');
INSERT INTO `body_metric_record` VALUES (40, 3, '2026-01-05', 78.00, 19.20, 98.70, 82.70, 97.70, '逐步加重量', '2026-02-28 02:24:52', '2026-02-28 02:24:52');
INSERT INTO `body_metric_record` VALUES (41, 3, '2026-01-12', 78.60, 19.40, 99.20, 83.00, 98.10, '腿臀训练加强', '2026-02-28 02:24:52', '2026-02-28 02:24:52');
INSERT INTO `body_metric_record` VALUES (42, 3, '2026-01-19', 79.10, 19.50, 99.70, 83.20, 98.50, '睡眠改善，恢复更好', '2026-02-28 02:24:52', '2026-02-28 02:24:52');
INSERT INTO `body_metric_record` VALUES (43, 3, '2026-01-26', 79.80, 19.70, 100.30, 83.40, 98.90, '强度上来了', '2026-02-28 02:24:52', '2026-02-28 02:24:52');
INSERT INTO `body_metric_record` VALUES (44, 3, '2026-02-02', 80.40, 19.80, 100.80, 83.60, 99.30, '体重稳步上升', '2026-02-28 02:24:52', '2026-02-28 02:24:52');
INSERT INTO `body_metric_record` VALUES (45, 3, '2026-02-09', 81.00, 20.00, 101.40, 83.90, 99.70, '春节饮食波动', '2026-02-28 02:24:52', '2026-02-28 02:24:52');
INSERT INTO `body_metric_record` VALUES (46, 3, '2026-02-16', 59.50, 12.50, 88.00, 70.00, 88.00, '偏瘦样例：近期压力大+饮食不规律', '2026-02-28 02:24:52', '2026-02-28 02:26:51');
INSERT INTO `body_metric_record` VALUES (65, 1, '2026-03-02', 74.40, 22.40, 97.20, 86.10, 99.80, '三月初记录', '2026-03-10 16:15:35', '2026-03-10 16:15:35');
INSERT INTO `body_metric_record` VALUES (66, 1, '2026-03-05', 74.10, 22.10, 97.10, 85.70, 99.50, '饮食控制稳定', '2026-03-10 16:15:35', '2026-03-10 16:15:35');
INSERT INTO `body_metric_record` VALUES (67, 1, '2026-03-07', 73.90, 21.90, 97.00, 85.40, 99.20, '有氧+力量继续', '2026-03-10 16:15:35', '2026-03-10 16:15:35');
INSERT INTO `body_metric_record` VALUES (68, 1, '2026-03-10', 73.70, 21.70, 96.90, 85.10, 99.00, '周内复测', '2026-03-10 16:15:35', '2026-03-10 16:15:35');
INSERT INTO `body_metric_record` VALUES (69, 1, '2026-03-14', 73.40, 21.50, 96.80, 84.70, 98.70, '状态平稳', '2026-03-10 16:15:35', '2026-03-10 16:15:35');
INSERT INTO `body_metric_record` VALUES (70, 1, '2026-03-18', 73.10, 21.20, 96.70, 84.30, 98.40, '继续减脂', '2026-03-10 16:15:35', '2026-03-10 16:15:35');
INSERT INTO `body_metric_record` VALUES (71, 1, '2026-03-22', 72.80, 21.00, 96.60, 83.90, 98.10, '周末复测', '2026-03-10 16:15:35', '2026-03-10 16:15:35');
INSERT INTO `body_metric_record` VALUES (72, 1, '2026-03-26', 72.50, 20.70, 96.40, 83.50, 97.80, '围度下降明显', '2026-03-10 16:15:35', '2026-03-10 16:15:35');
INSERT INTO `body_metric_record` VALUES (73, 1, '2026-03-30', 72.20, 20.50, 96.30, 83.10, 97.50, '月末总结', '2026-03-10 16:15:35', '2026-03-10 16:15:35');

-- ----------------------------
-- Table structure for diet_record
-- ----------------------------
DROP TABLE IF EXISTS `diet_record`;
CREATE TABLE `diet_record`  (
  `id` bigint NOT NULL AUTO_INCREMENT COMMENT '主键',
  `user_id` bigint NOT NULL COMMENT '用户ID',
  `food_item_id` bigint NOT NULL COMMENT '食物ID',
  `meal_type` tinyint NOT NULL COMMENT '餐次：1早餐 2午餐 3晚餐 4加餐',
  `intake_gram` decimal(8, 2) NOT NULL COMMENT '摄入重量(g)',
  `calorie_per_100g` decimal(8, 2) NOT NULL COMMENT '记录时食物每100g热量快照',
  `total_calories` decimal(8, 2) NOT NULL COMMENT '本次摄入总热量(kcal)',
  `record_date` date NOT NULL COMMENT '记录日期',
  `remark` varchar(255) CHARACTER SET utf8mb4 COLLATE utf8mb4_0900_ai_ci NULL DEFAULT NULL COMMENT '备注',
  `create_time` datetime NOT NULL DEFAULT CURRENT_TIMESTAMP COMMENT '创建时间',
  `update_time` datetime NOT NULL DEFAULT CURRENT_TIMESTAMP ON UPDATE CURRENT_TIMESTAMP COMMENT '更新时间',
  PRIMARY KEY (`id`) USING BTREE,
  INDEX `idx_user_date`(`user_id` ASC, `record_date` ASC) USING BTREE,
  INDEX `idx_user_meal_date`(`user_id` ASC, `meal_type` ASC, `record_date` ASC) USING BTREE,
  INDEX `idx_food_item_id`(`food_item_id` ASC) USING BTREE
) ENGINE = InnoDB AUTO_INCREMENT = 142 CHARACTER SET = utf8mb4 COLLATE = utf8mb4_0900_ai_ci COMMENT = '饮食记录表' ROW_FORMAT = Dynamic;

-- ----------------------------
-- Records of diet_record
-- ----------------------------
INSERT INTO `diet_record` VALUES (1, 1, 1, 1, 120.00, 116.00, 139.20, '2026-02-26', '早餐水煮蛋', '2026-02-26 02:36:40', '2026-02-26 02:36:40');
INSERT INTO `diet_record` VALUES (2, 1, 1, 1, 100.00, 116.00, 116.00, '2026-02-25', '', '2026-02-26 03:03:16', '2026-02-26 03:03:16');
INSERT INTO `diet_record` VALUES (3, 1, 10, 1, 100.00, 125.00, 125.00, '2026-02-25', '', '2026-02-26 03:04:05', '2026-02-26 03:04:05');
INSERT INTO `diet_record` VALUES (4, 1, 18, 1, 100.00, 93.00, 93.00, '2026-02-25', '', '2026-02-26 03:09:52', '2026-02-26 03:09:52');
INSERT INTO `diet_record` VALUES (5, 1, 10, 1, 2.00, 125.00, 2.50, '2026-02-25', '', '2026-02-26 03:10:04', '2026-02-26 03:10:04');
INSERT INTO `diet_record` VALUES (6, 1, 2, 1, 100.00, 109.00, 109.00, '2026-02-25', '', '2026-02-26 03:15:50', '2026-02-26 03:15:50');
INSERT INTO `diet_record` VALUES (7, 1, 8, 1, 100.00, 31.00, 31.00, '2026-02-26', '', '2026-02-26 03:15:55', '2026-02-26 03:15:55');
INSERT INTO `diet_record` VALUES (8, 1, 24, 1, 100.00, 433.00, 433.00, '2026-02-26', '', '2026-02-26 04:59:25', '2026-02-26 04:59:25');
INSERT INTO `diet_record` VALUES (9, 1, 21, 1, 100.00, 567.00, 567.00, '2026-02-26', '', '2026-02-26 04:59:27', '2026-02-26 04:59:27');
INSERT INTO `diet_record` VALUES (10, 1, 10, 1, 100.00, 125.00, 125.00, '2026-02-26', '', '2026-02-26 05:00:54', '2026-02-26 05:00:54');
INSERT INTO `diet_record` VALUES (11, 1, 28, 1, 100.00, 100.00, 100.00, '2026-02-26', '', '2026-02-26 05:01:38', '2026-02-26 05:01:38');
INSERT INTO `diet_record` VALUES (12, 1, 28, 1, 100.00, 100.00, 100.00, '2026-02-25', '', '2026-02-26 05:01:57', '2026-02-26 05:01:57');
INSERT INTO `diet_record` VALUES (13, 1, 21, 1, 100.00, 567.00, 567.00, '2026-02-25', '', '2026-02-26 05:02:29', '2026-02-26 05:02:29');
INSERT INTO `diet_record` VALUES (14, 1, 21, 1, 100.00, 567.00, 567.00, '2026-02-25', '', '2026-02-26 05:02:29', '2026-02-26 05:02:29');
INSERT INTO `diet_record` VALUES (15, 1, 21, 1, 100.00, 567.00, 567.00, '2026-02-25', '', '2026-02-26 05:02:29', '2026-02-26 05:02:29');
INSERT INTO `diet_record` VALUES (16, 1, 21, 1, 100.00, 567.00, 567.00, '2026-02-25', '', '2026-02-26 05:02:29', '2026-02-26 05:02:29');
INSERT INTO `diet_record` VALUES (17, 1, 21, 1, 100.00, 567.00, 567.00, '2026-02-25', '', '2026-02-26 05:02:29', '2026-02-26 05:02:29');
INSERT INTO `diet_record` VALUES (18, 1, 21, 1, 100.00, 567.00, 567.00, '2026-02-25', '', '2026-02-26 05:02:29', '2026-02-26 05:02:29');
INSERT INTO `diet_record` VALUES (19, 1, 21, 1, 100.00, 567.00, 567.00, '2026-02-25', '', '2026-02-26 05:02:30', '2026-02-26 05:02:30');
INSERT INTO `diet_record` VALUES (20, 1, 21, 1, 100.00, 567.00, 567.00, '2026-02-25', '', '2026-02-26 05:02:30', '2026-02-26 05:02:30');
INSERT INTO `diet_record` VALUES (21, 1, 21, 1, 100.00, 567.00, 567.00, '2026-02-25', '', '2026-02-26 05:02:30', '2026-02-26 05:02:30');
INSERT INTO `diet_record` VALUES (22, 1, 21, 1, 100.00, 567.00, 567.00, '2026-02-25', '', '2026-02-26 05:02:30', '2026-02-26 05:02:30');
INSERT INTO `diet_record` VALUES (23, 1, 21, 1, 100.00, 567.00, 567.00, '2026-02-25', '', '2026-02-26 05:02:30', '2026-02-26 05:02:30');
INSERT INTO `diet_record` VALUES (24, 1, 24, 1, 100.00, 433.00, 433.00, '2026-02-26', '', '2026-02-26 05:12:31', '2026-02-26 05:12:31');
INSERT INTO `diet_record` VALUES (25, 1, 27, 1, 100.00, 100.00, 100.00, '2026-02-26', '', '2026-02-26 05:17:39', '2026-02-26 05:17:39');
INSERT INTO `diet_record` VALUES (26, 1, 27, 1, 100.00, 100.00, 100.00, '2026-02-26', '', '2026-02-26 05:17:39', '2026-02-26 05:17:39');
INSERT INTO `diet_record` VALUES (27, 1, 27, 1, 100.00, 100.00, 100.00, '2026-02-26', '', '2026-02-26 05:29:01', '2026-02-26 05:29:01');
INSERT INTO `diet_record` VALUES (28, 1, 19, 1, 100.00, 47.00, 47.00, '2026-02-26', '', '2026-02-26 05:29:20', '2026-02-26 05:29:20');
INSERT INTO `diet_record` VALUES (29, 1, 25, 1, 100.00, 43.00, 43.00, '2026-02-26', '', '2026-02-26 06:22:22', '2026-02-26 06:22:22');
INSERT INTO `diet_record` VALUES (30, 2, 25, 1, 100.00, 43.00, 43.00, '2026-02-26', '', '2026-02-26 06:26:50', '2026-02-26 06:26:50');
INSERT INTO `diet_record` VALUES (31, 2, 9, 3, 100.00, 133.00, 133.00, '2026-02-26', '', '2026-02-26 06:28:29', '2026-02-26 06:28:29');
INSERT INTO `diet_record` VALUES (32, 2, 1, 3, 100.00, 116.00, 116.00, '2026-02-26', '', '2026-02-26 06:28:37', '2026-02-26 06:28:37');
INSERT INTO `diet_record` VALUES (33, 2, 2, 1, 100.00, 109.00, 109.00, '2026-02-26', '', '2026-02-26 06:29:47', '2026-02-26 06:29:47');
INSERT INTO `diet_record` VALUES (34, 2, 2, 1, 100.00, 109.00, 109.00, '2026-02-26', '', '2026-02-26 06:29:47', '2026-02-26 06:29:47');
INSERT INTO `diet_record` VALUES (35, 2, 2, 1, 100.00, 109.00, 109.00, '2026-02-26', '', '2026-02-26 06:29:47', '2026-02-26 06:29:47');
INSERT INTO `diet_record` VALUES (36, 2, 2, 1, 100.00, 109.00, 109.00, '2026-02-26', '', '2026-02-26 06:29:48', '2026-02-26 06:29:48');
INSERT INTO `diet_record` VALUES (37, 2, 2, 1, 100.00, 109.00, 109.00, '2026-02-26', '', '2026-02-26 06:29:48', '2026-02-26 06:29:48');
INSERT INTO `diet_record` VALUES (38, 2, 2, 1, 100.00, 109.00, 109.00, '2026-02-26', '', '2026-02-26 06:29:48', '2026-02-26 06:29:48');
INSERT INTO `diet_record` VALUES (39, 2, 2, 1, 100.00, 109.00, 109.00, '2026-02-26', '', '2026-02-26 06:29:48', '2026-02-26 06:29:48');
INSERT INTO `diet_record` VALUES (40, 2, 21, 1, 100.00, 567.00, 567.00, '2026-02-26', '', '2026-02-26 06:29:54', '2026-02-26 06:29:54');
INSERT INTO `diet_record` VALUES (41, 2, 21, 1, 100.00, 567.00, 567.00, '2026-02-26', '', '2026-02-26 06:29:54', '2026-02-26 06:29:54');
INSERT INTO `diet_record` VALUES (42, 2, 21, 1, 100.00, 567.00, 567.00, '2026-02-26', '', '2026-02-26 06:29:54', '2026-02-26 06:29:54');
INSERT INTO `diet_record` VALUES (43, 2, 21, 1, 100.00, 567.00, 567.00, '2026-02-26', '', '2026-02-26 06:29:55', '2026-02-26 06:29:55');
INSERT INTO `diet_record` VALUES (44, 2, 21, 1, 100.00, 567.00, 567.00, '2026-02-26', '', '2026-02-26 06:29:55', '2026-02-26 06:29:55');
INSERT INTO `diet_record` VALUES (45, 2, 21, 1, 100.00, 567.00, 567.00, '2026-02-26', '', '2026-02-26 06:29:55', '2026-02-26 06:29:55');
INSERT INTO `diet_record` VALUES (46, 2, 21, 1, 100.00, 567.00, 567.00, '2026-02-26', '', '2026-02-26 06:29:55', '2026-02-26 06:29:55');
INSERT INTO `diet_record` VALUES (47, 2, 21, 1, 100.00, 567.00, 567.00, '2026-02-26', '', '2026-02-26 06:29:55', '2026-02-26 06:29:55');
INSERT INTO `diet_record` VALUES (48, 2, 21, 1, 100.00, 567.00, 567.00, '2026-02-26', '', '2026-02-26 06:29:56', '2026-02-26 06:29:56');
INSERT INTO `diet_record` VALUES (49, 2, 21, 1, 100.00, 567.00, 567.00, '2026-02-26', '', '2026-02-26 06:29:56', '2026-02-26 06:29:56');
INSERT INTO `diet_record` VALUES (50, 2, 21, 1, 100.00, 567.00, 567.00, '2026-02-26', '', '2026-02-26 06:29:57', '2026-02-26 06:29:57');
INSERT INTO `diet_record` VALUES (51, 2, 21, 1, 100.00, 567.00, 567.00, '2026-02-26', '', '2026-02-26 06:29:57', '2026-02-26 06:29:57');
INSERT INTO `diet_record` VALUES (52, 2, 21, 1, 100.00, 567.00, 567.00, '2026-02-26', '', '2026-02-26 06:29:58', '2026-02-26 06:29:58');
INSERT INTO `diet_record` VALUES (53, 2, 21, 1, 100.00, 567.00, 567.00, '2026-02-26', '', '2026-02-26 06:29:59', '2026-02-26 06:29:59');
INSERT INTO `diet_record` VALUES (54, 2, 21, 1, 100.00, 567.00, 567.00, '2026-02-26', '', '2026-02-26 06:29:59', '2026-02-26 06:29:59');
INSERT INTO `diet_record` VALUES (55, 2, 21, 1, 100.00, 567.00, 567.00, '2026-02-26', '', '2026-02-26 06:30:00', '2026-02-26 06:30:00');
INSERT INTO `diet_record` VALUES (56, 2, 29, 1, 100.00, 777.00, 777.00, '2026-02-26', '', '2026-02-26 06:40:21', '2026-02-26 06:40:21');
INSERT INTO `diet_record` VALUES (57, 2, 29, 1, 100.00, 777.00, 777.00, '2026-02-26', '', '2026-02-26 06:40:24', '2026-02-26 06:40:24');
INSERT INTO `diet_record` VALUES (58, 2, 29, 1, 100.00, 777.00, 777.00, '2026-02-26', '', '2026-02-26 06:40:25', '2026-02-26 06:40:25');
INSERT INTO `diet_record` VALUES (59, 2, 29, 1, 100.00, 777.00, 777.00, '2026-02-26', '', '2026-02-26 06:40:25', '2026-02-26 06:40:25');
INSERT INTO `diet_record` VALUES (60, 1, 26, 2, 100.00, 65.00, 65.00, '2026-02-26', '', '2026-02-26 06:46:33', '2026-02-26 06:46:33');
INSERT INTO `diet_record` VALUES (61, 1, 6, 2, 100.00, 54.00, 54.00, '2026-02-26', '', '2026-02-26 06:46:41', '2026-02-26 06:46:41');
INSERT INTO `diet_record` VALUES (62, 1, 30, 2, 100.00, 100.00, 100.00, '2026-02-26', '', '2026-02-26 06:47:34', '2026-02-26 06:47:34');
INSERT INTO `diet_record` VALUES (63, 1, 25, 1, 100.00, 43.00, 43.00, '2026-02-26', '', '2026-02-26 07:00:39', '2026-02-26 07:00:39');
INSERT INTO `diet_record` VALUES (64, 1, 23, 1, 100.00, 313.00, 313.00, '2026-02-26', '', '2026-02-26 07:01:04', '2026-02-26 07:01:04');
INSERT INTO `diet_record` VALUES (65, 1, 25, 1, 100.00, 43.00, 43.00, '2026-02-24', '', '2026-02-26 17:33:18', '2026-02-26 17:33:18');
INSERT INTO `diet_record` VALUES (66, 1, 25, 3, 100.00, 43.00, 43.00, '2026-02-24', '', '2026-02-26 17:33:22', '2026-02-26 17:33:22');
INSERT INTO `diet_record` VALUES (67, 1, 25, 3, 100.00, 43.00, 43.00, '2026-02-24', '', '2026-02-26 17:33:22', '2026-02-26 17:33:22');
INSERT INTO `diet_record` VALUES (68, 1, 25, 3, 100.00, 43.00, 43.00, '2026-02-24', '', '2026-02-26 17:33:23', '2026-02-26 17:33:23');
INSERT INTO `diet_record` VALUES (69, 1, 25, 3, 100.00, 43.00, 43.00, '2026-02-24', '', '2026-02-26 17:33:23', '2026-02-26 17:33:23');
INSERT INTO `diet_record` VALUES (70, 1, 23, 3, 100.00, 313.00, 313.00, '2026-02-24', '', '2026-02-26 17:33:25', '2026-02-26 17:33:25');
INSERT INTO `diet_record` VALUES (71, 1, 23, 3, 100.00, 313.00, 313.00, '2026-02-24', '', '2026-02-26 17:33:26', '2026-02-26 17:33:26');
INSERT INTO `diet_record` VALUES (72, 1, 19, 3, 100.00, 47.00, 47.00, '2026-02-24', '', '2026-02-26 17:33:28', '2026-02-26 17:33:28');
INSERT INTO `diet_record` VALUES (73, 1, 4, 1, 50.00, 367.00, 183.50, '2026-03-01', '早餐燕麦', '2026-03-07 20:05:41', '2026-03-07 20:05:41');
INSERT INTO `diet_record` VALUES (74, 1, 6, 1, 250.00, 54.00, 135.00, '2026-03-01', '纯牛奶', '2026-03-07 20:05:41', '2026-03-07 20:05:41');
INSERT INTO `diet_record` VALUES (75, 1, 17, 1, 150.00, 53.00, 79.50, '2026-03-01', '苹果', '2026-03-07 20:05:41', '2026-03-07 20:05:41');
INSERT INTO `diet_record` VALUES (76, 1, 1, 2, 180.00, 116.00, 208.80, '2026-03-01', '午餐米饭', '2026-03-07 20:05:41', '2026-03-07 20:05:41');
INSERT INTO `diet_record` VALUES (77, 1, 9, 2, 180.00, 133.00, 239.40, '2026-03-01', '鸡胸肉', '2026-03-07 20:05:41', '2026-03-07 20:05:41');
INSERT INTO `diet_record` VALUES (78, 1, 13, 2, 150.00, 34.00, 51.00, '2026-03-01', '西兰花', '2026-03-07 20:05:41', '2026-03-07 20:05:41');
INSERT INTO `diet_record` VALUES (79, 1, 1, 3, 150.00, 116.00, 174.00, '2026-03-01', '晚餐米饭', '2026-03-07 20:05:41', '2026-03-07 20:05:41');
INSERT INTO `diet_record` VALUES (80, 1, 10, 3, 160.00, 125.00, 200.00, '2026-03-01', '牛肉', '2026-03-07 20:05:41', '2026-03-07 20:05:41');
INSERT INTO `diet_record` VALUES (81, 1, 15, 3, 150.00, 20.00, 30.00, '2026-03-01', '番茄', '2026-03-07 20:05:41', '2026-03-07 20:05:41');
INSERT INTO `diet_record` VALUES (82, 1, 7, 4, 180.00, 72.00, 129.60, '2026-03-01', '加餐酸奶', '2026-03-07 20:05:41', '2026-03-07 20:05:41');
INSERT INTO `diet_record` VALUES (83, 1, 3, 1, 100.00, 223.00, 223.00, '2026-03-02', '早餐馒头', '2026-03-07 20:05:41', '2026-03-07 20:05:41');
INSERT INTO `diet_record` VALUES (84, 1, 5, 1, 100.00, 144.00, 144.00, '2026-03-02', '鸡蛋', '2026-03-07 20:05:41', '2026-03-07 20:05:41');
INSERT INTO `diet_record` VALUES (85, 1, 8, 1, 300.00, 31.00, 93.00, '2026-03-02', '豆浆', '2026-03-07 20:05:41', '2026-03-07 20:05:41');
INSERT INTO `diet_record` VALUES (86, 1, 1, 2, 200.00, 116.00, 232.00, '2026-03-02', '午餐米饭', '2026-03-07 20:05:41', '2026-03-07 20:05:41');
INSERT INTO `diet_record` VALUES (87, 1, 9, 2, 200.00, 133.00, 266.00, '2026-03-02', '鸡胸肉', '2026-03-07 20:05:41', '2026-03-07 20:05:41');
INSERT INTO `diet_record` VALUES (88, 1, 14, 2, 180.00, 16.00, 28.80, '2026-03-02', '黄瓜', '2026-03-07 20:05:41', '2026-03-07 20:05:41');
INSERT INTO `diet_record` VALUES (89, 1, 2, 3, 180.00, 109.00, 196.20, '2026-03-02', '晚餐面条', '2026-03-07 20:05:41', '2026-03-07 20:05:41');
INSERT INTO `diet_record` VALUES (90, 1, 11, 3, 160.00, 143.00, 228.80, '2026-03-02', '猪里脊', '2026-03-07 20:05:41', '2026-03-07 20:05:41');
INSERT INTO `diet_record` VALUES (91, 1, 13, 3, 120.00, 34.00, 40.80, '2026-03-02', '西兰花', '2026-03-07 20:05:41', '2026-03-07 20:05:41');
INSERT INTO `diet_record` VALUES (92, 1, 18, 4, 120.00, 93.00, 111.60, '2026-03-02', '香蕉', '2026-03-07 20:05:41', '2026-03-07 20:05:41');
INSERT INTO `diet_record` VALUES (93, 1, 4, 1, 45.00, 367.00, 165.15, '2026-03-03', '早餐燕麦', '2026-03-07 20:05:41', '2026-03-07 20:05:41');
INSERT INTO `diet_record` VALUES (94, 1, 6, 1, 250.00, 54.00, 135.00, '2026-03-03', '纯牛奶', '2026-03-07 20:05:41', '2026-03-07 20:05:41');
INSERT INTO `diet_record` VALUES (95, 1, 18, 1, 100.00, 93.00, 93.00, '2026-03-03', '香蕉', '2026-03-07 20:05:41', '2026-03-07 20:05:41');
INSERT INTO `diet_record` VALUES (96, 1, 1, 2, 180.00, 116.00, 208.80, '2026-03-03', '午餐米饭', '2026-03-07 20:05:41', '2026-03-07 20:05:41');
INSERT INTO `diet_record` VALUES (97, 1, 10, 2, 180.00, 125.00, 225.00, '2026-03-03', '牛肉', '2026-03-07 20:05:41', '2026-03-07 20:05:41');
INSERT INTO `diet_record` VALUES (98, 1, 15, 2, 150.00, 20.00, 30.00, '2026-03-03', '番茄', '2026-03-07 20:05:41', '2026-03-07 20:05:41');
INSERT INTO `diet_record` VALUES (99, 1, 1, 3, 150.00, 116.00, 174.00, '2026-03-03', '晚餐米饭', '2026-03-07 20:05:41', '2026-03-07 20:05:41');
INSERT INTO `diet_record` VALUES (100, 1, 12, 3, 150.00, 206.00, 309.00, '2026-03-03', '三文鱼', '2026-03-07 20:05:41', '2026-03-07 20:05:41');
INSERT INTO `diet_record` VALUES (101, 1, 16, 3, 120.00, 15.00, 18.00, '2026-03-03', '生菜', '2026-03-07 20:05:41', '2026-03-07 20:05:41');
INSERT INTO `diet_record` VALUES (102, 1, 7, 4, 200.00, 72.00, 144.00, '2026-03-03', '加餐酸奶', '2026-03-07 20:05:41', '2026-03-07 20:05:41');
INSERT INTO `diet_record` VALUES (103, 1, 3, 1, 90.00, 223.00, 200.70, '2026-03-04', '早餐馒头', '2026-03-07 20:05:41', '2026-03-07 20:05:41');
INSERT INTO `diet_record` VALUES (104, 1, 5, 1, 100.00, 144.00, 144.00, '2026-03-04', '鸡蛋', '2026-03-07 20:05:41', '2026-03-07 20:05:41');
INSERT INTO `diet_record` VALUES (105, 1, 8, 1, 250.00, 31.00, 77.50, '2026-03-04', '豆浆', '2026-03-07 20:05:41', '2026-03-07 20:05:41');
INSERT INTO `diet_record` VALUES (106, 1, 2, 2, 200.00, 109.00, 218.00, '2026-03-04', '午餐面条', '2026-03-07 20:05:41', '2026-03-07 20:05:41');
INSERT INTO `diet_record` VALUES (107, 1, 9, 2, 180.00, 133.00, 239.40, '2026-03-04', '鸡胸肉', '2026-03-07 20:05:41', '2026-03-07 20:05:41');
INSERT INTO `diet_record` VALUES (108, 1, 13, 2, 150.00, 34.00, 51.00, '2026-03-04', '西兰花', '2026-03-07 20:05:41', '2026-03-07 20:05:41');
INSERT INTO `diet_record` VALUES (109, 1, 1, 3, 160.00, 116.00, 185.60, '2026-03-04', '晚餐米饭', '2026-03-07 20:05:41', '2026-03-07 20:05:41');
INSERT INTO `diet_record` VALUES (110, 1, 10, 3, 150.00, 125.00, 187.50, '2026-03-04', '牛肉', '2026-03-07 20:05:41', '2026-03-07 20:05:41');
INSERT INTO `diet_record` VALUES (111, 1, 14, 3, 200.00, 16.00, 32.00, '2026-03-04', '黄瓜', '2026-03-07 20:05:41', '2026-03-07 20:05:41');
INSERT INTO `diet_record` VALUES (112, 1, 17, 4, 180.00, 53.00, 95.40, '2026-03-04', '苹果', '2026-03-07 20:05:41', '2026-03-07 20:05:41');
INSERT INTO `diet_record` VALUES (113, 1, 4, 1, 50.00, 367.00, 183.50, '2026-03-05', '早餐燕麦', '2026-03-07 20:05:41', '2026-03-07 20:05:41');
INSERT INTO `diet_record` VALUES (114, 1, 6, 1, 250.00, 54.00, 135.00, '2026-03-05', '纯牛奶', '2026-03-07 20:05:41', '2026-03-07 20:05:41');
INSERT INTO `diet_record` VALUES (115, 1, 17, 1, 120.00, 53.00, 63.60, '2026-03-05', '苹果', '2026-03-07 20:05:41', '2026-03-07 20:05:41');
INSERT INTO `diet_record` VALUES (116, 1, 1, 2, 200.00, 116.00, 232.00, '2026-03-05', '午餐米饭', '2026-03-07 20:05:41', '2026-03-07 20:05:41');
INSERT INTO `diet_record` VALUES (117, 1, 9, 2, 200.00, 133.00, 266.00, '2026-03-05', '鸡胸肉', '2026-03-07 20:05:41', '2026-03-07 20:05:41');
INSERT INTO `diet_record` VALUES (118, 1, 15, 2, 150.00, 20.00, 30.00, '2026-03-05', '番茄', '2026-03-07 20:05:41', '2026-03-07 20:05:41');
INSERT INTO `diet_record` VALUES (119, 1, 2, 3, 180.00, 109.00, 196.20, '2026-03-05', '晚餐面条', '2026-03-07 20:05:41', '2026-03-07 20:05:41');
INSERT INTO `diet_record` VALUES (120, 1, 11, 3, 150.00, 143.00, 214.50, '2026-03-05', '猪里脊', '2026-03-07 20:05:41', '2026-03-07 20:05:41');
INSERT INTO `diet_record` VALUES (121, 1, 13, 3, 120.00, 34.00, 40.80, '2026-03-05', '西兰花', '2026-03-07 20:05:41', '2026-03-07 20:05:41');
INSERT INTO `diet_record` VALUES (122, 1, 7, 4, 180.00, 72.00, 129.60, '2026-03-05', '加餐酸奶', '2026-03-07 20:05:41', '2026-03-07 20:05:41');
INSERT INTO `diet_record` VALUES (123, 1, 3, 1, 100.00, 223.00, 223.00, '2026-03-06', '早餐馒头', '2026-03-07 20:05:41', '2026-03-07 20:05:41');
INSERT INTO `diet_record` VALUES (124, 1, 5, 1, 100.00, 144.00, 144.00, '2026-03-06', '鸡蛋', '2026-03-07 20:05:41', '2026-03-07 20:05:41');
INSERT INTO `diet_record` VALUES (125, 1, 8, 1, 300.00, 31.00, 93.00, '2026-03-06', '豆浆', '2026-03-07 20:05:41', '2026-03-07 20:05:41');
INSERT INTO `diet_record` VALUES (126, 1, 1, 2, 180.00, 116.00, 208.80, '2026-03-06', '午餐米饭', '2026-03-07 20:05:41', '2026-03-07 20:05:41');
INSERT INTO `diet_record` VALUES (127, 1, 10, 2, 180.00, 125.00, 225.00, '2026-03-06', '牛肉', '2026-03-07 20:05:41', '2026-03-07 20:05:41');
INSERT INTO `diet_record` VALUES (128, 1, 14, 2, 180.00, 16.00, 28.80, '2026-03-06', '黄瓜', '2026-03-07 20:05:41', '2026-03-07 20:05:41');
INSERT INTO `diet_record` VALUES (129, 1, 1, 3, 160.00, 116.00, 185.60, '2026-03-06', '晚餐米饭', '2026-03-07 20:05:41', '2026-03-07 20:05:41');
INSERT INTO `diet_record` VALUES (130, 1, 12, 3, 150.00, 206.00, 309.00, '2026-03-06', '三文鱼', '2026-03-07 20:05:41', '2026-03-07 20:05:41');
INSERT INTO `diet_record` VALUES (131, 1, 16, 3, 120.00, 15.00, 18.00, '2026-03-06', '生菜', '2026-03-07 20:05:41', '2026-03-07 20:05:41');
INSERT INTO `diet_record` VALUES (132, 1, 18, 4, 120.00, 93.00, 111.60, '2026-03-06', '香蕉', '2026-03-07 20:05:41', '2026-03-07 20:05:41');
INSERT INTO `diet_record` VALUES (133, 1, 4, 1, 45.00, 367.00, 165.15, '2026-03-07', '早餐燕麦', '2026-03-07 20:05:41', '2026-03-07 20:05:41');
INSERT INTO `diet_record` VALUES (134, 1, 6, 1, 250.00, 54.00, 135.00, '2026-03-07', '纯牛奶', '2026-03-07 20:05:41', '2026-03-07 20:05:41');
INSERT INTO `diet_record` VALUES (135, 1, 18, 1, 100.00, 93.00, 93.00, '2026-03-07', '香蕉', '2026-03-07 20:05:41', '2026-03-07 20:05:41');
INSERT INTO `diet_record` VALUES (136, 1, 1, 2, 200.00, 116.00, 232.00, '2026-03-07', '午餐米饭', '2026-03-07 20:05:41', '2026-03-07 20:05:41');
INSERT INTO `diet_record` VALUES (137, 1, 9, 2, 180.00, 133.00, 239.40, '2026-03-07', '鸡胸肉', '2026-03-07 20:05:41', '2026-03-07 20:05:41');
INSERT INTO `diet_record` VALUES (138, 1, 13, 2, 150.00, 34.00, 51.00, '2026-03-07', '西兰花', '2026-03-07 20:05:41', '2026-03-07 20:05:41');
INSERT INTO `diet_record` VALUES (139, 1, 2, 3, 180.00, 109.00, 196.20, '2026-03-07', '晚餐面条', '2026-03-07 20:05:41', '2026-03-07 20:05:41');
INSERT INTO `diet_record` VALUES (140, 1, 10, 3, 160.00, 125.00, 200.00, '2026-03-07', '牛肉', '2026-03-07 20:05:41', '2026-03-07 20:05:41');
INSERT INTO `diet_record` VALUES (141, 1, 15, 3, 150.00, 20.00, 30.00, '2026-03-07', '番茄', '2026-03-07 20:05:41', '2026-03-07 20:05:41');
INSERT INTO `diet_record` VALUES (142, 1, 7, 4, 180.00, 72.00, 129.60, '2026-03-07', '加餐酸奶', '2026-03-07 20:05:41', '2026-03-07 20:05:41');
INSERT INTO `diet_record` VALUES (149, 1, 4, 1, 45.00, 367.00, 165.15, '2026-03-10', '早餐燕麦', '2026-03-10 16:15:54', '2026-03-10 16:15:54');
INSERT INTO `diet_record` VALUES (150, 1, 6, 1, 250.00, 54.00, 135.00, '2026-03-10', '纯牛奶', '2026-03-10 16:15:54', '2026-03-10 16:15:54');
INSERT INTO `diet_record` VALUES (151, 1, 17, 1, 150.00, 53.00, 79.50, '2026-03-10', '苹果', '2026-03-10 16:15:54', '2026-03-10 16:15:54');
INSERT INTO `diet_record` VALUES (152, 1, 1, 2, 180.00, 116.00, 208.80, '2026-03-10', '午餐米饭', '2026-03-10 16:15:54', '2026-03-10 16:15:54');
INSERT INTO `diet_record` VALUES (153, 1, 9, 2, 180.00, 133.00, 239.40, '2026-03-10', '鸡胸肉', '2026-03-10 16:15:54', '2026-03-10 16:15:54');
INSERT INTO `diet_record` VALUES (154, 1, 13, 2, 150.00, 34.00, 51.00, '2026-03-10', '西兰花', '2026-03-10 16:15:54', '2026-03-10 16:15:54');
INSERT INTO `diet_record` VALUES (155, 1, 2, 3, 180.00, 109.00, 196.20, '2026-03-10', '晚餐面条', '2026-03-10 16:15:54', '2026-03-10 16:15:54');
INSERT INTO `diet_record` VALUES (156, 1, 10, 3, 150.00, 125.00, 187.50, '2026-03-10', '牛肉', '2026-03-10 16:15:54', '2026-03-10 16:15:54');
INSERT INTO `diet_record` VALUES (157, 1, 15, 3, 150.00, 20.00, 30.00, '2026-03-10', '番茄', '2026-03-10 16:15:54', '2026-03-10 16:15:54');
INSERT INTO `diet_record` VALUES (158, 1, 7, 4, 180.00, 72.00, 129.60, '2026-03-10', '加餐酸奶', '2026-03-10 16:15:54', '2026-03-10 16:15:54');

-- ----------------------------
-- Table structure for food_item
-- ----------------------------
DROP TABLE IF EXISTS `food_item`;
CREATE TABLE `food_item`  (
  `id` bigint NOT NULL AUTO_INCREMENT COMMENT '主键',
  `user_id` bigint NULL DEFAULT NULL COMMENT '所属用户ID；NULL表示系统内置',
  `food_name` varchar(100) CHARACTER SET utf8mb4 COLLATE utf8mb4_0900_ai_ci NOT NULL COMMENT '食物名称',
  `category` varchar(50) CHARACTER SET utf8mb4 COLLATE utf8mb4_0900_ai_ci NULL DEFAULT NULL COMMENT '分类：主食/肉类/水果/饮品等',
  `calorie_per_100g` decimal(8, 2) NOT NULL COMMENT '每100g热量(kcal)',
  `protein_per_100g` decimal(8, 2) NULL DEFAULT NULL COMMENT '每100g蛋白质(g)',
  `fat_per_100g` decimal(8, 2) NULL DEFAULT NULL COMMENT '每100g脂肪(g)',
  `carb_per_100g` decimal(8, 2) NULL DEFAULT NULL COMMENT '每100g碳水(g)',
  `unit_hint` varchar(20) CHARACTER SET utf8mb4 COLLATE utf8mb4_0900_ai_ci NULL DEFAULT 'g' COMMENT '默认单位提示',
  `is_builtin` tinyint NOT NULL DEFAULT 1 COMMENT '是否内置：1是 0否',
  `status` tinyint NOT NULL DEFAULT 1 COMMENT '状态：1启用 0停用',
  `deleted` tinyint NOT NULL DEFAULT 0 COMMENT '逻辑删除：0否 1是',
  `create_time` datetime NOT NULL DEFAULT CURRENT_TIMESTAMP COMMENT '创建时间',
  `update_time` datetime NOT NULL DEFAULT CURRENT_TIMESTAMP ON UPDATE CURRENT_TIMESTAMP COMMENT '更新时间',
  PRIMARY KEY (`id`) USING BTREE,
  INDEX `idx_food_name`(`food_name` ASC) USING BTREE,
  INDEX `idx_category`(`category` ASC) USING BTREE,
  INDEX `idx_status`(`status` ASC) USING BTREE
) ENGINE = InnoDB AUTO_INCREMENT = 30 CHARACTER SET = utf8mb4 COLLATE = utf8mb4_0900_ai_ci COMMENT = '食物库表' ROW_FORMAT = Dynamic;

-- ----------------------------
-- Records of food_item
-- ----------------------------
INSERT INTO `food_item` VALUES (1, NULL, '米饭', '主食', 116.00, 2.60, 0.30, 25.90, 'g', 1, 1, 0, '2026-02-26 02:29:26', '2026-02-26 02:29:26');
INSERT INTO `food_item` VALUES (2, NULL, '面条（熟）', '主食', 109.00, 3.60, 0.40, 21.60, 'g', 1, 1, 0, '2026-02-26 02:29:26', '2026-02-26 02:29:26');
INSERT INTO `food_item` VALUES (3, NULL, '馒头', '主食', 223.00, 7.00, 1.10, 47.00, 'g', 1, 1, 0, '2026-02-26 02:29:26', '2026-02-26 02:29:26');
INSERT INTO `food_item` VALUES (4, NULL, '燕麦片', '主食', 367.00, 15.00, 6.70, 61.00, 'g', 1, 1, 0, '2026-02-26 02:29:26', '2026-02-26 02:29:26');
INSERT INTO `food_item` VALUES (5, NULL, '鸡蛋', '蛋奶豆', 144.00, 13.30, 8.80, 2.80, 'g', 1, 1, 0, '2026-02-26 02:29:26', '2026-02-26 02:29:26');
INSERT INTO `food_item` VALUES (6, NULL, '纯牛奶', '饮品', 54.00, 3.00, 3.20, 3.40, 'g', 1, 1, 0, '2026-02-26 02:29:26', '2026-02-26 02:29:26');
INSERT INTO `food_item` VALUES (7, NULL, '酸奶', '饮品', 72.00, 2.50, 3.00, 9.00, 'g', 1, 1, 0, '2026-02-26 02:29:26', '2026-02-26 02:29:26');
INSERT INTO `food_item` VALUES (8, NULL, '豆浆', '饮品', 31.00, 2.70, 1.60, 1.70, 'g', 1, 1, 0, '2026-02-26 02:29:26', '2026-02-26 02:29:26');
INSERT INTO `food_item` VALUES (9, NULL, '鸡胸肉', '肉类', 133.00, 19.40, 5.00, 0.00, 'g', 1, 1, 0, '2026-02-26 02:29:26', '2026-02-26 02:29:26');
INSERT INTO `food_item` VALUES (10, NULL, '牛肉（瘦）', '肉类', 125.00, 20.20, 4.20, 0.00, 'g', 1, 1, 0, '2026-02-26 02:29:26', '2026-02-26 02:29:26');
INSERT INTO `food_item` VALUES (11, NULL, '猪里脊', '肉类', 143.00, 20.50, 6.20, 0.00, 'g', 1, 1, 0, '2026-02-26 02:29:26', '2026-02-26 02:29:26');
INSERT INTO `food_item` VALUES (12, NULL, '三文鱼', '肉类', 206.00, 22.10, 12.40, 0.00, 'g', 1, 1, 0, '2026-02-26 02:29:26', '2026-02-26 02:29:26');
INSERT INTO `food_item` VALUES (13, NULL, '西兰花', '蔬菜', 34.00, 2.80, 0.40, 6.60, 'g', 1, 1, 0, '2026-02-26 02:29:26', '2026-02-26 02:29:26');
INSERT INTO `food_item` VALUES (14, NULL, '黄瓜', '蔬菜', 16.00, 0.80, 0.20, 2.90, 'g', 1, 1, 0, '2026-02-26 02:29:26', '2026-02-26 02:29:26');
INSERT INTO `food_item` VALUES (15, NULL, '番茄', '蔬菜', 20.00, 0.90, 0.20, 4.00, 'g', 1, 1, 0, '2026-02-26 02:29:26', '2026-02-26 02:29:26');
INSERT INTO `food_item` VALUES (16, NULL, '生菜', '蔬菜', 15.00, 1.40, 0.20, 2.20, 'g', 1, 1, 0, '2026-02-26 02:29:26', '2026-02-26 02:29:26');
INSERT INTO `food_item` VALUES (17, NULL, '苹果', '水果', 53.00, 0.30, 0.20, 13.70, 'g', 1, 1, 0, '2026-02-26 02:29:26', '2026-02-26 02:29:26');
INSERT INTO `food_item` VALUES (18, NULL, '香蕉', '水果', 93.00, 1.40, 0.20, 22.00, 'g', 1, 1, 0, '2026-02-26 02:29:26', '2026-02-26 02:29:26');
INSERT INTO `food_item` VALUES (19, NULL, '橙子', '水果', 47.00, 0.80, 0.20, 11.10, 'g', 1, 1, 0, '2026-02-26 02:29:26', '2026-02-26 02:29:26');
INSERT INTO `food_item` VALUES (20, NULL, '葡萄', '水果', 45.00, 0.40, 0.20, 10.30, 'g', 1, 1, 0, '2026-02-26 02:29:26', '2026-02-26 02:29:26');
INSERT INTO `food_item` VALUES (21, NULL, '花生', '坚果', 567.00, 25.40, 48.00, 21.00, 'g', 1, 1, 0, '2026-02-26 02:29:26', '2026-02-26 02:29:26');
INSERT INTO `food_item` VALUES (22, NULL, '核桃', '坚果', 646.00, 14.90, 58.80, 19.10, 'g', 1, 1, 0, '2026-02-26 02:29:26', '2026-02-26 02:29:26');
INSERT INTO `food_item` VALUES (23, NULL, '面包', '零食', 313.00, 8.30, 5.10, 58.60, 'g', 1, 1, 0, '2026-02-26 02:29:26', '2026-02-26 02:29:26');
INSERT INTO `food_item` VALUES (24, NULL, '饼干', '零食', 433.00, 6.00, 12.70, 73.00, 'g', 1, 1, 0, '2026-02-26 02:29:26', '2026-02-26 02:29:26');
INSERT INTO `food_item` VALUES (25, NULL, '可乐', '饮品', 43.00, 0.00, 0.00, 10.60, 'g', 1, 1, 0, '2026-02-26 02:29:26', '2026-02-26 02:29:26');
INSERT INTO `food_item` VALUES (26, 1, '奶茶半糖', '饮品', 65.00, 1.20, 2.00, 9.50, 'g', 0, 1, 0, '2026-02-26 03:38:20', '2026-02-26 03:38:20');
INSERT INTO `food_item` VALUES (27, 1, '食堂炒面', '主食', 100.00, 1.00, 1.00, 1.00, 'g', 0, 1, 0, '2026-02-26 03:45:34', '2026-02-26 03:45:34');
INSERT INTO `food_item` VALUES (28, 1, '自制鸡胸沙拉', '主食', 100.00, 122.00, 1.00, 13.00, 'g', 0, 1, 0, '2026-02-26 05:01:33', '2026-02-26 05:01:33');
INSERT INTO `food_item` VALUES (29, 2, '能量棒', '', 777.00, 11.00, 122.00, 133.00, 'g', 0, 1, 0, '2026-02-26 06:40:17', '2026-02-26 06:40:17');
INSERT INTO `food_item` VALUES (30, 1, '一点点奶茶', '零食', 100.00, 1.00, 13.00, 12.00, 'g', 0, 1, 0, '2026-02-26 06:47:32', '2026-02-26 06:47:32');

-- ----------------------------
-- Table structure for food_item_copy1
-- ----------------------------
DROP TABLE IF EXISTS `food_item_copy1`;
CREATE TABLE `food_item_copy1`  (
  `id` bigint NOT NULL AUTO_INCREMENT COMMENT '主键',
  `user_id` bigint NULL DEFAULT NULL COMMENT '所属用户ID；NULL表示系统内置',
  `food_name` varchar(100) CHARACTER SET utf8mb4 COLLATE utf8mb4_0900_ai_ci NOT NULL COMMENT '食物名称',
  `category` varchar(50) CHARACTER SET utf8mb4 COLLATE utf8mb4_0900_ai_ci NULL DEFAULT NULL COMMENT '分类：主食/肉类/水果/饮品等',
  `calorie_per_100g` decimal(8, 2) NOT NULL COMMENT '每100g热量(kcal)',
  `protein_per_100g` decimal(8, 2) NULL DEFAULT NULL COMMENT '每100g蛋白质(g)',
  `fat_per_100g` decimal(8, 2) NULL DEFAULT NULL COMMENT '每100g脂肪(g)',
  `carb_per_100g` decimal(8, 2) NULL DEFAULT NULL COMMENT '每100g碳水(g)',
  `unit_hint` varchar(20) CHARACTER SET utf8mb4 COLLATE utf8mb4_0900_ai_ci NULL DEFAULT 'g' COMMENT '默认单位提示',
  `is_builtin` tinyint NOT NULL DEFAULT 1 COMMENT '是否内置：1是 0否',
  `status` tinyint NOT NULL DEFAULT 1 COMMENT '状态：1启用 0停用',
  `deleted` tinyint NOT NULL DEFAULT 0 COMMENT '逻辑删除：0否 1是',
  `create_time` datetime NOT NULL DEFAULT CURRENT_TIMESTAMP COMMENT '创建时间',
  `update_time` datetime NOT NULL DEFAULT CURRENT_TIMESTAMP ON UPDATE CURRENT_TIMESTAMP COMMENT '更新时间',
  PRIMARY KEY (`id`) USING BTREE,
  INDEX `idx_food_name`(`food_name` ASC) USING BTREE,
  INDEX `idx_category`(`category` ASC) USING BTREE,
  INDEX `idx_status`(`status` ASC) USING BTREE
) ENGINE = InnoDB AUTO_INCREMENT = 30 CHARACTER SET = utf8mb4 COLLATE = utf8mb4_0900_ai_ci COMMENT = '食物库表' ROW_FORMAT = Dynamic;

-- ----------------------------
-- Records of food_item_copy1
-- ----------------------------
INSERT INTO `food_item_copy1` VALUES (1, NULL, '米饭', '主食', 116.00, 2.60, 0.30, 25.90, 'g', 1, 1, 0, '2026-02-26 02:29:26', '2026-02-26 02:29:26');
INSERT INTO `food_item_copy1` VALUES (2, NULL, '面条（熟）', '主食', 109.00, 3.60, 0.40, 21.60, 'g', 1, 1, 0, '2026-02-26 02:29:26', '2026-02-26 02:29:26');
INSERT INTO `food_item_copy1` VALUES (3, NULL, '馒头', '主食', 223.00, 7.00, 1.10, 47.00, 'g', 1, 1, 0, '2026-02-26 02:29:26', '2026-02-26 02:29:26');
INSERT INTO `food_item_copy1` VALUES (4, NULL, '燕麦片', '主食', 367.00, 15.00, 6.70, 61.00, 'g', 1, 1, 0, '2026-02-26 02:29:26', '2026-02-26 02:29:26');
INSERT INTO `food_item_copy1` VALUES (5, NULL, '鸡蛋', '蛋奶豆', 144.00, 13.30, 8.80, 2.80, 'g', 1, 1, 0, '2026-02-26 02:29:26', '2026-02-26 02:29:26');
INSERT INTO `food_item_copy1` VALUES (6, NULL, '纯牛奶', '饮品', 54.00, 3.00, 3.20, 3.40, 'g', 1, 1, 0, '2026-02-26 02:29:26', '2026-02-26 02:29:26');
INSERT INTO `food_item_copy1` VALUES (7, NULL, '酸奶', '饮品', 72.00, 2.50, 3.00, 9.00, 'g', 1, 1, 0, '2026-02-26 02:29:26', '2026-02-26 02:29:26');
INSERT INTO `food_item_copy1` VALUES (8, NULL, '豆浆', '饮品', 31.00, 2.70, 1.60, 1.70, 'g', 1, 1, 0, '2026-02-26 02:29:26', '2026-02-26 02:29:26');
INSERT INTO `food_item_copy1` VALUES (9, NULL, '鸡胸肉', '肉类', 133.00, 19.40, 5.00, 0.00, 'g', 1, 1, 0, '2026-02-26 02:29:26', '2026-02-26 02:29:26');
INSERT INTO `food_item_copy1` VALUES (10, NULL, '牛肉（瘦）', '肉类', 125.00, 20.20, 4.20, 0.00, 'g', 1, 1, 0, '2026-02-26 02:29:26', '2026-02-26 02:29:26');
INSERT INTO `food_item_copy1` VALUES (11, NULL, '猪里脊', '肉类', 143.00, 20.50, 6.20, 0.00, 'g', 1, 1, 0, '2026-02-26 02:29:26', '2026-02-26 02:29:26');
INSERT INTO `food_item_copy1` VALUES (12, NULL, '三文鱼', '肉类', 206.00, 22.10, 12.40, 0.00, 'g', 1, 1, 0, '2026-02-26 02:29:26', '2026-02-26 02:29:26');
INSERT INTO `food_item_copy1` VALUES (13, NULL, '西兰花', '蔬菜', 34.00, 2.80, 0.40, 6.60, 'g', 1, 1, 0, '2026-02-26 02:29:26', '2026-02-26 02:29:26');
INSERT INTO `food_item_copy1` VALUES (14, NULL, '黄瓜', '蔬菜', 16.00, 0.80, 0.20, 2.90, 'g', 1, 1, 0, '2026-02-26 02:29:26', '2026-02-26 02:29:26');
INSERT INTO `food_item_copy1` VALUES (15, NULL, '番茄', '蔬菜', 20.00, 0.90, 0.20, 4.00, 'g', 1, 1, 0, '2026-02-26 02:29:26', '2026-02-26 02:29:26');
INSERT INTO `food_item_copy1` VALUES (16, NULL, '生菜', '蔬菜', 15.00, 1.40, 0.20, 2.20, 'g', 1, 1, 0, '2026-02-26 02:29:26', '2026-02-26 02:29:26');
INSERT INTO `food_item_copy1` VALUES (17, NULL, '苹果', '水果', 53.00, 0.30, 0.20, 13.70, 'g', 1, 1, 0, '2026-02-26 02:29:26', '2026-02-26 02:29:26');
INSERT INTO `food_item_copy1` VALUES (18, NULL, '香蕉', '水果', 93.00, 1.40, 0.20, 22.00, 'g', 1, 1, 0, '2026-02-26 02:29:26', '2026-02-26 02:29:26');
INSERT INTO `food_item_copy1` VALUES (19, NULL, '橙子', '水果', 47.00, 0.80, 0.20, 11.10, 'g', 1, 1, 0, '2026-02-26 02:29:26', '2026-02-26 02:29:26');
INSERT INTO `food_item_copy1` VALUES (20, NULL, '葡萄', '水果', 45.00, 0.40, 0.20, 10.30, 'g', 1, 1, 0, '2026-02-26 02:29:26', '2026-02-26 02:29:26');
INSERT INTO `food_item_copy1` VALUES (21, NULL, '花生', '坚果', 567.00, 25.40, 48.00, 21.00, 'g', 1, 1, 0, '2026-02-26 02:29:26', '2026-02-26 02:29:26');
INSERT INTO `food_item_copy1` VALUES (22, NULL, '核桃', '坚果', 646.00, 14.90, 58.80, 19.10, 'g', 1, 1, 0, '2026-02-26 02:29:26', '2026-02-26 02:29:26');
INSERT INTO `food_item_copy1` VALUES (23, NULL, '面包', '零食', 313.00, 8.30, 5.10, 58.60, 'g', 1, 1, 0, '2026-02-26 02:29:26', '2026-02-26 02:29:26');
INSERT INTO `food_item_copy1` VALUES (24, NULL, '饼干', '零食', 433.00, 6.00, 12.70, 73.00, 'g', 1, 1, 0, '2026-02-26 02:29:26', '2026-02-26 02:29:26');
INSERT INTO `food_item_copy1` VALUES (25, NULL, '可乐', '饮品', 43.00, 0.00, 0.00, 10.60, 'g', 1, 1, 0, '2026-02-26 02:29:26', '2026-02-26 02:29:26');
INSERT INTO `food_item_copy1` VALUES (26, 1, '奶茶半糖', '饮品', 65.00, 1.20, 2.00, 9.50, 'g', 0, 1, 0, '2026-02-26 03:38:20', '2026-02-26 03:38:20');
INSERT INTO `food_item_copy1` VALUES (27, 1, '食堂炒面', '主食', 100.00, 1.00, 1.00, 1.00, 'g', 0, 1, 0, '2026-02-26 03:45:34', '2026-02-26 03:45:34');
INSERT INTO `food_item_copy1` VALUES (28, 1, '自制鸡胸沙拉', '主食', 100.00, 122.00, 1.00, 13.00, 'g', 0, 1, 0, '2026-02-26 05:01:33', '2026-02-26 05:01:33');
INSERT INTO `food_item_copy1` VALUES (29, 2, '能量棒', '', 777.00, 11.00, 122.00, 133.00, 'g', 0, 1, 0, '2026-02-26 06:40:17', '2026-02-26 06:40:17');
INSERT INTO `food_item_copy1` VALUES (30, 1, '一点点奶茶', '零食', 100.00, 1.00, 13.00, 12.00, 'g', 0, 1, 0, '2026-02-26 06:47:32', '2026-02-26 06:47:32');

-- ----------------------------
-- Table structure for sport_plan_template
-- ----------------------------
DROP TABLE IF EXISTS `sport_plan_template`;
CREATE TABLE `sport_plan_template`  (
  `id` bigint NOT NULL AUTO_INCREMENT COMMENT '主键',
  `name` varchar(100) CHARACTER SET utf8mb4 COLLATE utf8mb4_0900_ai_ci NOT NULL COMMENT '模板名称',
  `description` varchar(255) CHARACTER SET utf8mb4 COLLATE utf8mb4_0900_ai_ci NULL DEFAULT NULL COMMENT '模板描述',
  `status` tinyint NOT NULL DEFAULT 1 COMMENT '状态：1启用 0停用',
  `create_time` datetime NOT NULL DEFAULT CURRENT_TIMESTAMP COMMENT '创建时间',
  `update_time` datetime NOT NULL DEFAULT CURRENT_TIMESTAMP ON UPDATE CURRENT_TIMESTAMP COMMENT '更新时间',
  PRIMARY KEY (`id`) USING BTREE,
  INDEX `idx_status`(`status` ASC) USING BTREE
) ENGINE = InnoDB AUTO_INCREMENT = 6 CHARACTER SET = utf8mb4 COLLATE = utf8mb4_0900_ai_ci COMMENT = '运动计划模板表' ROW_FORMAT = Dynamic;

-- ----------------------------
-- Records of sport_plan_template
-- ----------------------------
INSERT INTO `sport_plan_template` VALUES (1, '减脂入门计划', '每周4练+3休，适合减脂初期', 1, '2026-02-28 06:55:14', '2026-02-28 06:55:14');
INSERT INTO `sport_plan_template` VALUES (2, '增肌入门计划', '每周4练，力量训练为主，适合增肌初期', 1, '2026-03-07 18:59:04', '2026-03-07 18:59:04');
INSERT INTO `sport_plan_template` VALUES (3, '马拉松基础训练计划', '每周5练，循序渐进提升耐力与跑量', 1, '2026-03-07 18:59:04', '2026-03-07 18:59:04');
INSERT INTO `sport_plan_template` VALUES (4, '8周练马甲线计划', '核心+有氧结合，适合塑形与腹部强化', 1, '2026-03-07 18:59:04', '2026-03-07 18:59:04');
INSERT INTO `sport_plan_template` VALUES (5, '上班族轻运动计划', '强度适中，适合久坐人群日常锻炼', 1, '2026-03-07 18:59:04', '2026-03-07 18:59:04');
INSERT INTO `sport_plan_template` VALUES (6, '心肺提升计划', '通过跑步、骑行和跳绳提升心肺功能', 1, '2026-03-07 18:59:04', '2026-03-07 18:59:04');

-- ----------------------------
-- Table structure for sport_plan_template_item
-- ----------------------------
DROP TABLE IF EXISTS `sport_plan_template_item`;
CREATE TABLE `sport_plan_template_item`  (
  `id` bigint NOT NULL AUTO_INCREMENT COMMENT '主键',
  `template_id` bigint NOT NULL COMMENT '模板ID',
  `day_of_week` tinyint NOT NULL COMMENT '周几：1-7（1=周一）',
  `sport_type` varchar(50) CHARACTER SET utf8mb4 COLLATE utf8mb4_0900_ai_ci NOT NULL COMMENT '运动类型（同 sport_record.sport_type）',
  `target_duration_min` int NOT NULL COMMENT '目标时长(分钟)',
  `target_distance_km` decimal(6, 2) NULL DEFAULT NULL COMMENT '目标距离(km)',
  `remind_time` varchar(10) CHARACTER SET utf8mb4 COLLATE utf8mb4_0900_ai_ci NULL DEFAULT NULL COMMENT '提醒时间(HH:mm)',
  `remark` varchar(255) CHARACTER SET utf8mb4 COLLATE utf8mb4_0900_ai_ci NULL DEFAULT NULL COMMENT '备注',
  `sort_no` int NOT NULL DEFAULT 0 COMMENT '排序',
  PRIMARY KEY (`id`) USING BTREE,
  INDEX `idx_template_day`(`template_id` ASC, `day_of_week` ASC) USING BTREE
) ENGINE = InnoDB AUTO_INCREMENT = 28 CHARACTER SET = utf8mb4 COLLATE = utf8mb4_0900_ai_ci COMMENT = '模板计划明细' ROW_FORMAT = Dynamic;

-- ----------------------------
-- Records of sport_plan_template_item
-- ----------------------------
INSERT INTO `sport_plan_template_item` VALUES (1, 1, 1, 'RUNNING', 30, 3.00, '19:30', '慢跑+拉伸', 1);
INSERT INTO `sport_plan_template_item` VALUES (2, 1, 3, 'CYCLING', 40, NULL, '19:30', '中等强度骑行', 1);
INSERT INTO `sport_plan_template_item` VALUES (3, 1, 5, 'STRENGTH_TRAINING', 35, NULL, '20:00', '全身力量', 1);
INSERT INTO `sport_plan_template_item` VALUES (4, 1, 7, 'WALKING', 45, NULL, '16:30', '快走恢复', 1);
INSERT INTO `sport_plan_template_item` VALUES (5, 2, 1, 'STRENGTH_TRAINING', 45, NULL, '19:30', '上肢力量训练', 1);
INSERT INTO `sport_plan_template_item` VALUES (6, 2, 2, 'WALKING', 30, NULL, '19:30', '轻松恢复', 2);
INSERT INTO `sport_plan_template_item` VALUES (7, 2, 3, 'STRENGTH_TRAINING', 50, NULL, '19:30', '下肢力量训练', 3);
INSERT INTO `sport_plan_template_item` VALUES (8, 2, 5, 'STRENGTH_TRAINING', 45, NULL, '19:30', '全身综合力量', 4);
INSERT INTO `sport_plan_template_item` VALUES (9, 2, 6, 'CYCLING', 40, NULL, '17:00', '中低强度有氧恢复', 5);
INSERT INTO `sport_plan_template_item` VALUES (10, 3, 1, 'RUNNING', 40, 5.00, '06:30', '轻松跑热身', 1);
INSERT INTO `sport_plan_template_item` VALUES (11, 3, 2, 'WALKING', 30, NULL, '19:00', '恢复步行', 2);
INSERT INTO `sport_plan_template_item` VALUES (12, 3, 3, 'RUNNING', 50, 6.00, '06:30', '节奏跑', 3);
INSERT INTO `sport_plan_template_item` VALUES (13, 3, 5, 'RUNNING', 60, 8.00, '06:30', '耐力跑', 4);
INSERT INTO `sport_plan_template_item` VALUES (14, 3, 7, 'RUNNING', 80, 10.00, '07:00', '周末长距离慢跑', 5);
INSERT INTO `sport_plan_template_item` VALUES (15, 4, 1, 'JUMP_ROPE', 20, NULL, '19:30', '热身燃脂', 1);
INSERT INTO `sport_plan_template_item` VALUES (16, 4, 2, 'STRENGTH_TRAINING', 30, NULL, '19:30', '核心训练', 2);
INSERT INTO `sport_plan_template_item` VALUES (17, 4, 4, 'JUMP_ROPE', 25, NULL, '19:30', '有氧强化', 3);
INSERT INTO `sport_plan_template_item` VALUES (18, 4, 5, 'STRENGTH_TRAINING', 35, NULL, '19:30', '腹部与核心强化', 4);
INSERT INTO `sport_plan_template_item` VALUES (19, 4, 7, 'WALKING', 40, NULL, '17:30', '低强度恢复', 5);
INSERT INTO `sport_plan_template_item` VALUES (20, 5, 1, 'WALKING', 30, NULL, '20:00', '饭后快走', 1);
INSERT INTO `sport_plan_template_item` VALUES (21, 5, 3, 'BADMINTON', 45, NULL, '20:00', '轻松活动身体', 2);
INSERT INTO `sport_plan_template_item` VALUES (22, 5, 5, 'CYCLING', 35, NULL, '20:00', '舒缓骑行', 3);
INSERT INTO `sport_plan_template_item` VALUES (23, 5, 6, 'WALKING', 40, NULL, '16:30', '周末户外步行', 4);
INSERT INTO `sport_plan_template_item` VALUES (24, 6, 1, 'RUNNING', 30, 3.00, '19:00', '慢跑入门', 1);
INSERT INTO `sport_plan_template_item` VALUES (25, 6, 2, 'JUMP_ROPE', 15, NULL, '19:00', '短时高频训练', 2);
INSERT INTO `sport_plan_template_item` VALUES (26, 6, 4, 'CYCLING', 40, NULL, '19:00', '中等强度骑行', 3);
INSERT INTO `sport_plan_template_item` VALUES (27, 6, 6, 'RUNNING', 45, 5.00, '08:00', '周末耐力跑', 4);
INSERT INTO `sport_plan_template_item` VALUES (28, 6, 7, 'WALKING', 30, NULL, '17:00', '恢复调整', 5);

-- ----------------------------
-- Table structure for sport_record
-- ----------------------------
DROP TABLE IF EXISTS `sport_record`;
CREATE TABLE `sport_record`  (
  `id` bigint NOT NULL AUTO_INCREMENT COMMENT '主键',
  `user_id` bigint NOT NULL COMMENT '用户ID',
  `sport_type` varchar(50) CHARACTER SET utf8mb4 COLLATE utf8mb4_general_ci NOT NULL COMMENT '运动类型',
  `duration_min` int NOT NULL COMMENT '运动时长(分钟)',
  `distance_km` decimal(6, 2) NULL DEFAULT NULL COMMENT '距离(km)',
  `met_value` decimal(5, 2) NOT NULL COMMENT 'MET值',
  `calories` decimal(8, 2) NOT NULL COMMENT '消耗热量(kcal)',
  `record_date` date NOT NULL COMMENT '记录日期',
  `remark` varchar(255) CHARACTER SET utf8mb4 COLLATE utf8mb4_general_ci NULL DEFAULT NULL COMMENT '备注',
  `create_time` datetime NOT NULL DEFAULT CURRENT_TIMESTAMP COMMENT '创建时间',
  `update_time` datetime NOT NULL DEFAULT CURRENT_TIMESTAMP ON UPDATE CURRENT_TIMESTAMP COMMENT '更新时间',
  PRIMARY KEY (`id`) USING BTREE,
  INDEX `idx_user_date`(`user_id` ASC, `record_date` ASC) USING BTREE
) ENGINE = InnoDB AUTO_INCREMENT = 61 CHARACTER SET = utf8mb4 COLLATE = utf8mb4_general_ci COMMENT = '运动记录表' ROW_FORMAT = Dynamic;

-- ----------------------------
-- Records of sport_record
-- ----------------------------
INSERT INTO `sport_record` VALUES (21, 1, 'RUNNING', 35, 5.20, 9.80, 371.58, '2026-02-01', '晨跑', '2026-02-01 07:10:00', '2026-02-01 07:10:00');
INSERT INTO `sport_record` VALUES (22, 1, 'WALKING', 40, 3.10, 3.80, 164.67, '2026-02-02', '晚饭后散步', '2026-02-02 20:15:00', '2026-02-02 20:15:00');
INSERT INTO `sport_record` VALUES (23, 1, 'CYCLING', 45, 12.50, 7.50, 365.63, '2026-02-03', '夜骑', '2026-02-03 19:40:00', '2026-02-03 19:40:00');
INSERT INTO `sport_record` VALUES (24, 1, 'SWIMMING', 30, NULL, 8.00, 260.00, '2026-02-04', '游泳训练', '2026-02-04 18:30:00', '2026-02-04 18:30:00');
INSERT INTO `sport_record` VALUES (25, 1, 'BADMINTON', 60, NULL, 5.50, 357.50, '2026-02-05', '和朋友打球', '2026-02-05 21:00:00', '2026-02-05 21:00:00');
INSERT INTO `sport_record` VALUES (26, 1, 'STRENGTH_TRAINING', 50, NULL, 6.00, 325.00, '2026-02-06', '上肢力量', '2026-02-06 19:20:00', '2026-02-06 19:20:00');
INSERT INTO `sport_record` VALUES (27, 1, 'WALKING', 30, 2.50, 3.80, 123.50, '2026-02-07', '轻松步行', '2026-02-07 17:50:00', '2026-02-07 17:50:00');
INSERT INTO `sport_record` VALUES (28, 1, 'RUNNING', 30, 4.80, 9.80, 318.50, '2026-02-08', '公园慢跑', '2026-02-08 07:25:00', '2026-02-08 07:25:00');
INSERT INTO `sport_record` VALUES (29, 1, 'CYCLING', 30, 9.00, 7.50, 243.75, '2026-02-09', '通勤骑行', '2026-02-09 08:15:00', '2026-02-09 08:15:00');
INSERT INTO `sport_record` VALUES (30, 1, 'YOGA', 40, NULL, 3.00, 130.00, '2026-02-10', '拉伸放松', '2026-02-10 21:10:00', '2026-02-10 21:10:00');
INSERT INTO `sport_record` VALUES (31, 1, 'RUNNING', 25, 3.60, 9.80, 265.42, '2026-02-11', '短距离跑', '2026-02-11 06:55:00', '2026-02-11 06:55:00');
INSERT INTO `sport_record` VALUES (32, 1, 'SWIMMING', 40, NULL, 8.00, 346.67, '2026-02-12', '自由泳', '2026-02-12 19:00:00', '2026-02-12 19:00:00');
INSERT INTO `sport_record` VALUES (33, 1, 'BADMINTON', 45, NULL, 5.50, 268.13, '2026-02-13', '羽毛球', '2026-02-13 20:30:00', '2026-02-13 20:30:00');
INSERT INTO `sport_record` VALUES (34, 1, 'WALKING', 50, 4.20, 3.80, 205.83, '2026-02-14', '散步', '2026-02-14 18:10:00', '2026-02-14 18:10:00');
INSERT INTO `sport_record` VALUES (35, 1, 'CYCLING', 60, 18.00, 7.50, 487.50, '2026-02-15', '长距离骑行', '2026-02-15 09:00:00', '2026-02-15 09:00:00');
INSERT INTO `sport_record` VALUES (36, 1, 'STRENGTH_TRAINING', 35, NULL, 6.00, 227.50, '2026-02-16', '下肢训练', '2026-02-16 19:45:00', '2026-02-16 19:45:00');
INSERT INTO `sport_record` VALUES (37, 1, 'RUNNING', 40, 6.10, 9.80, 424.67, '2026-02-17', '间歇跑', '2026-02-17 07:05:00', '2026-02-17 07:05:00');
INSERT INTO `sport_record` VALUES (38, 1, 'WALKING', 35, 2.90, 3.80, 143.92, '2026-02-18', '晚间散步', '2026-02-18 20:20:00', '2026-02-18 20:20:00');
INSERT INTO `sport_record` VALUES (39, 1, 'SWIMMING', 35, NULL, 8.00, 303.33, '2026-02-19', '蛙泳', '2026-02-19 18:40:00', '2026-02-19 18:40:00');
INSERT INTO `sport_record` VALUES (40, 1, 'BADMINTON', 30, NULL, 5.50, 178.75, '2026-02-20', '球馆训练', '2026-02-20 21:15:00', '2026-02-20 21:15:00');
INSERT INTO `sport_record` VALUES (41, 1, 'CYCLING', 50, 14.20, 7.50, 406.25, '2026-02-21', '周末骑行', '2026-02-21 16:20:00', '2026-02-21 16:20:00');
INSERT INTO `sport_record` VALUES (42, 1, 'RUNNING', 30, 4.50, 9.80, 318.50, '2026-02-22', '慢跑', '2026-02-22 07:30:00', '2026-02-22 07:30:00');
INSERT INTO `sport_record` VALUES (43, 1, 'WALKING', 45, 3.80, 3.80, 185.25, '2026-02-23', '散步', '2026-02-23 19:30:00', '2026-02-23 19:30:00');
INSERT INTO `sport_record` VALUES (44, 1, 'STRENGTH_TRAINING', 40, NULL, 6.00, 260.00, '2026-02-24', '核心训练', '2026-02-24 20:00:00', '2026-02-24 20:00:00');
INSERT INTO `sport_record` VALUES (49, 2, 'SWIMMING', 200, NULL, 8.00, 5333.33, '2026-02-26', '', '2026-02-26 06:29:26', '2026-02-26 06:29:26');
INSERT INTO `sport_record` VALUES (50, 2, 'STRENGTH_TRAINING', 30, NULL, 6.00, 600.00, '2026-02-24', '', '2026-02-26 06:30:21', '2026-02-26 06:30:21');
INSERT INTO `sport_record` VALUES (51, 2, 'CYCLING', 30, 123.00, 7.50, 750.00, '2026-02-26', '22', '2026-02-26 06:33:28', '2026-02-26 06:33:28');
INSERT INTO `sport_record` VALUES (52, 1, 'STRENGTH_TRAINING', 30, NULL, 6.00, 195.00, '2026-02-26', '', '2026-02-26 06:46:15', '2026-02-26 06:46:15');
INSERT INTO `sport_record` VALUES (53, 1, 'CYCLING', 30, NULL, 7.50, 243.75, '2026-02-26', '111', '2026-02-26 07:00:23', '2026-02-26 07:00:23');
INSERT INTO `sport_record` VALUES (55, 1, 'WALKING', 45, 3.60, 3.80, 190.95, '2026-03-01', '周末快走', '2026-03-01 18:20:00', '2026-03-01 18:20:00');
INSERT INTO `sport_record` VALUES (56, 1, 'RUNNING', 30, 3.00, 9.80, 328.30, '2026-03-02', '按计划完成慢跑入门', '2026-03-02 19:25:00', '2026-03-02 19:25:00');
INSERT INTO `sport_record` VALUES (57, 1, 'JUMP_ROPE', 15, NULL, 11.00, 184.25, '2026-03-03', '按计划完成跳绳', '2026-03-03 19:18:00', '2026-03-03 19:18:00');
INSERT INTO `sport_record` VALUES (58, 1, 'WALKING', 35, 2.80, 3.80, 148.58, '2026-03-04', '晚饭后散步', '2026-03-04 20:10:00', '2026-03-04 20:10:00');
INSERT INTO `sport_record` VALUES (59, 1, 'CYCLING', 40, 10.50, 7.50, 335.00, '2026-03-05', '按计划完成中等强度骑行', '2026-03-05 19:35:00', '2026-03-05 19:35:00');
INSERT INTO `sport_record` VALUES (60, 1, 'STRENGTH_TRAINING', 45, NULL, 6.00, 301.50, '2026-03-06', '力量训练', '2026-03-06 19:40:00', '2026-03-06 19:40:00');
INSERT INTO `sport_record` VALUES (61, 1, 'RUNNING', 45, 5.00, 9.80, 492.45, '2026-03-07', '计划打卡自动生成#65', '2026-03-07 20:07:54', '2026-03-07 20:07:54');
INSERT INTO `sport_record` VALUES (67, 1, 'WALKING', 30, 2.40, 3.80, 123.50, '2026-03-08', '恢复步行', '2026-03-10 16:15:48', '2026-03-10 16:15:48');
INSERT INTO `sport_record` VALUES (68, 1, 'RUNNING', 35, 4.20, 9.80, 371.58, '2026-03-09', '慢跑训练', '2026-03-10 16:15:48', '2026-03-10 16:15:48');
INSERT INTO `sport_record` VALUES (69, 1, 'JUMP_ROPE', 15, NULL, 11.00, 184.25, '2026-03-10', '计划打卡完成', '2026-03-10 16:15:48', '2026-03-10 16:15:48');
INSERT INTO `sport_record` VALUES (70, 1, 'WALKING', 40, 3.60, 3.80, 164.67, '2026-03-10', '晚饭后快走', '2026-03-10 16:15:48', '2026-03-10 16:15:48');

-- ----------------------------
-- Table structure for sys_user
-- ----------------------------
DROP TABLE IF EXISTS `sys_user`;
CREATE TABLE `sys_user`  (
  `id` bigint NOT NULL AUTO_INCREMENT COMMENT '用户ID',
  `username` varchar(50) CHARACTER SET utf8mb4 COLLATE utf8mb4_0900_ai_ci NOT NULL COMMENT '账号（登录用）',
  `phone` varchar(20) CHARACTER SET utf8mb4 COLLATE utf8mb4_0900_ai_ci NOT NULL COMMENT '手机号（登录用）',
  `password` varchar(100) CHARACTER SET utf8mb4 COLLATE utf8mb4_0900_ai_ci NOT NULL COMMENT '密码哈希（BCrypt）',
  `nickname` varchar(50) CHARACTER SET utf8mb4 COLLATE utf8mb4_0900_ai_ci NULL DEFAULT NULL COMMENT '昵称',
  `gender` tinyint NULL DEFAULT 0 COMMENT '性别：0未知 1男 2女',
  `avatar_url` varchar(255) CHARACTER SET utf8mb4 COLLATE utf8mb4_0900_ai_ci NULL DEFAULT NULL COMMENT '头像URL',
  `email` varchar(100) CHARACTER SET utf8mb4 COLLATE utf8mb4_0900_ai_ci NULL DEFAULT NULL COMMENT '邮箱',
  `height_cm` decimal(5, 2) NULL DEFAULT NULL COMMENT '身高(cm)',
  `goal_weight_kg` decimal(5, 2) NULL DEFAULT NULL COMMENT '目标体重(kg)',
  `activity_level` tinyint NULL DEFAULT NULL COMMENT '活动水平：1低 2中 3高',
  `target_type` tinyint NULL DEFAULT NULL COMMENT '目标类型：1减脂 2增肌 3维持',
  `birth_date` date NULL DEFAULT NULL COMMENT '出生日期',
  `status` tinyint NOT NULL DEFAULT 1 COMMENT '状态：1启用 0禁用',
  `deleted` tinyint NOT NULL DEFAULT 0 COMMENT '逻辑删除：0否 1是',
  `last_login_at` datetime NULL DEFAULT NULL COMMENT '最后登录时间',
  `created_at` datetime NOT NULL DEFAULT CURRENT_TIMESTAMP COMMENT '创建时间',
  `updated_at` datetime NOT NULL DEFAULT CURRENT_TIMESTAMP ON UPDATE CURRENT_TIMESTAMP COMMENT '更新时间',
  `weight` decimal(5, 2) NULL DEFAULT NULL COMMENT '体重(kg)',
  PRIMARY KEY (`id`) USING BTREE,
  UNIQUE INDEX `uk_username`(`username` ASC) USING BTREE,
  UNIQUE INDEX `uk_phone`(`phone` ASC) USING BTREE,
  INDEX `idx_status`(`status` ASC) USING BTREE
) ENGINE = InnoDB AUTO_INCREMENT = 3 CHARACTER SET = utf8mb4 COLLATE = utf8mb4_0900_ai_ci COMMENT = '用户表' ROW_FORMAT = Dynamic;

-- ----------------------------
-- Records of sys_user
-- ----------------------------
INSERT INTO `sys_user` VALUES (1, 'lgz', '13391233762', '123456', '石鹏', 0, '', 'demo2@qq.com', 177.00, 69.50, 2, 1, '2002-01-01', 1, 0, '2026-02-23 23:14:42', '2026-02-23 23:14:42', '2026-03-10 16:11:06', 67.00);
INSERT INTO `sys_user` VALUES (2, 'test010', '13800138123', '123456', '测试用户10', 1, NULL, 'dem12@qq.com', 175.00, 68.00, 2, 1, '2002-01-01', 1, 0, NULL, '2026-02-24 18:18:44', '2026-02-26 05:49:25', 200.00);
INSERT INTO `sys_user` VALUES (3, 'jrr', '18101608916', 'FD==', '艾玛贴啦吗', 1, '', 'wyzh250@gmail.com', 181.00, 80.00, 2, 2, '2005-10-03', 1, 0, NULL, '2026-02-24 18:25:44', '2026-02-28 02:23:05', 75.00);

-- ----------------------------
-- Table structure for user_sport_plan
-- ----------------------------
DROP TABLE IF EXISTS `user_sport_plan`;
CREATE TABLE `user_sport_plan`  (
  `id` bigint NOT NULL AUTO_INCREMENT COMMENT '主键',
  `user_id` bigint NOT NULL COMMENT '用户ID',
  `week_start_date` date NOT NULL COMMENT '周开始日期（周一）',
  `name` varchar(100) CHARACTER SET utf8mb4 COLLATE utf8mb4_0900_ai_ci NOT NULL COMMENT '计划名称',
  `source_type` tinyint NOT NULL DEFAULT 2 COMMENT '来源：1模板生成 2自定义',
  `template_id` bigint NULL DEFAULT NULL COMMENT '来源模板ID（可空）',
  `create_time` datetime NOT NULL DEFAULT CURRENT_TIMESTAMP COMMENT '创建时间',
  `update_time` datetime NOT NULL DEFAULT CURRENT_TIMESTAMP ON UPDATE CURRENT_TIMESTAMP COMMENT '更新时间',
  PRIMARY KEY (`id`) USING BTREE,
  UNIQUE INDEX `uk_user_week`(`user_id` ASC, `week_start_date` ASC) USING BTREE,
  INDEX `idx_user_week`(`user_id` ASC, `week_start_date` ASC) USING BTREE
) ENGINE = InnoDB AUTO_INCREMENT = 16 CHARACTER SET = utf8mb4 COLLATE = utf8mb4_0900_ai_ci COMMENT = '用户周运动计划' ROW_FORMAT = Dynamic;

-- ----------------------------
-- Records of user_sport_plan
-- ----------------------------
INSERT INTO `user_sport_plan` VALUES (9, 3, '2026-02-23', '本周减脂入门计划', 2, NULL, '2026-02-28 08:44:50', '2026-02-28 08:44:50');
INSERT INTO `user_sport_plan` VALUES (14, 1, '2026-03-02', '本周心肺提升计划', 1, 6, '2026-03-07 19:08:55', '2026-03-07 19:08:55');
INSERT INTO `user_sport_plan` VALUES (15, 1, '2026-03-09', '本周心肺提升计划', 1, 6, '2026-03-07 20:32:59', '2026-03-07 20:32:59');
INSERT INTO `user_sport_plan` VALUES (16, 1, '2026-03-23', '本周减脂入门计划', 1, 1, '2026-03-07 20:33:32', '2026-03-07 20:33:32');

-- ----------------------------
-- Table structure for user_sport_plan_item
-- ----------------------------
DROP TABLE IF EXISTS `user_sport_plan_item`;
CREATE TABLE `user_sport_plan_item`  (
  `id` bigint NOT NULL AUTO_INCREMENT COMMENT '主键',
  `plan_id` bigint NOT NULL COMMENT '周计划ID',
  `user_id` bigint NOT NULL COMMENT '用户ID（冗余，便于统计）',
  `plan_date` date NOT NULL COMMENT '计划日期（由week_start_date + day_of_week换算）',
  `day_of_week` tinyint NOT NULL COMMENT '周几：1-7（1=周一）',
  `sport_type` varchar(50) CHARACTER SET utf8mb4 COLLATE utf8mb4_0900_ai_ci NOT NULL COMMENT '运动类型',
  `target_duration_min` int NOT NULL COMMENT '目标时长(分钟)',
  `target_distance_km` decimal(6, 2) NULL DEFAULT NULL COMMENT '目标距离(km)',
  `remind_time` varchar(10) CHARACTER SET utf8mb4 COLLATE utf8mb4_0900_ai_ci NULL DEFAULT NULL COMMENT '提醒时间(HH:mm)',
  `remark` varchar(255) CHARACTER SET utf8mb4 COLLATE utf8mb4_0900_ai_ci NULL DEFAULT NULL COMMENT '备注',
  `done` tinyint NOT NULL DEFAULT 0 COMMENT '是否完成：0否 1是',
  `done_time` datetime NULL DEFAULT NULL COMMENT '完成时间',
  `create_time` datetime NOT NULL DEFAULT CURRENT_TIMESTAMP COMMENT '创建时间',
  `update_time` datetime NOT NULL DEFAULT CURRENT_TIMESTAMP ON UPDATE CURRENT_TIMESTAMP COMMENT '更新时间',
  PRIMARY KEY (`id`) USING BTREE,
  INDEX `idx_user_date`(`user_id` ASC, `plan_date` ASC) USING BTREE,
  INDEX `idx_plan`(`plan_id` ASC) USING BTREE
) ENGINE = InnoDB AUTO_INCREMENT = 75 CHARACTER SET = utf8mb4 COLLATE = utf8mb4_0900_ai_ci COMMENT = '用户周计划明细' ROW_FORMAT = Dynamic;

-- ----------------------------
-- Records of user_sport_plan_item
-- ----------------------------
INSERT INTO `user_sport_plan_item` VALUES (39, 9, 3, '2026-02-23', 1, 'RUNNING', 30, 3.00, '19:30', '慢跑+拉伸', 0, NULL, '2026-02-28 08:44:50', '2026-02-28 08:44:50');
INSERT INTO `user_sport_plan_item` VALUES (40, 9, 3, '2026-02-25', 3, 'CYCLING', 40, NULL, '19:30', '中等强度骑行', 0, NULL, '2026-02-28 08:44:50', '2026-02-28 08:44:50');
INSERT INTO `user_sport_plan_item` VALUES (41, 9, 3, '2026-02-27', 5, 'STRENGTH_TRAINING', 35, NULL, '20:00', '全身力量', 0, NULL, '2026-02-28 08:44:50', '2026-02-28 08:44:50');
INSERT INTO `user_sport_plan_item` VALUES (42, 9, 3, '2026-02-28', 6, 'CYCLING', 30, NULL, NULL, '', 1, '2026-02-28 08:44:52', '2026-02-28 08:44:50', '2026-02-28 08:44:50');
INSERT INTO `user_sport_plan_item` VALUES (43, 9, 3, '2026-03-01', 7, 'WALKING', 45, NULL, '16:30', '快走恢复', 0, NULL, '2026-02-28 08:44:50', '2026-02-28 08:44:50');
INSERT INTO `user_sport_plan_item` VALUES (62, 14, 1, '2026-03-02', 1, 'RUNNING', 30, 3.00, '19:00', '慢跑入门', 0, NULL, '2026-03-07 19:08:55', '2026-03-07 19:08:55');
INSERT INTO `user_sport_plan_item` VALUES (63, 14, 1, '2026-03-03', 2, 'JUMP_ROPE', 15, NULL, '19:00', '短时高频训练', 0, NULL, '2026-03-07 19:08:55', '2026-03-07 19:08:55');
INSERT INTO `user_sport_plan_item` VALUES (64, 14, 1, '2026-03-05', 4, 'CYCLING', 40, NULL, '19:00', '中等强度骑行', 0, NULL, '2026-03-07 19:08:55', '2026-03-07 19:08:55');
INSERT INTO `user_sport_plan_item` VALUES (65, 14, 1, '2026-03-07', 6, 'RUNNING', 45, 5.00, '08:00', '周末耐力跑', 1, '2026-03-07 20:07:55', '2026-03-07 19:08:55', '2026-03-07 19:08:55');
INSERT INTO `user_sport_plan_item` VALUES (66, 14, 1, '2026-03-08', 7, 'WALKING', 30, NULL, '17:00', '恢复调整', 0, NULL, '2026-03-07 19:08:55', '2026-03-07 19:08:55');
INSERT INTO `user_sport_plan_item` VALUES (67, 15, 1, '2026-03-09', 1, 'RUNNING', 30, 3.00, '19:00', '慢跑入门', 0, NULL, '2026-03-07 20:32:59', '2026-03-07 20:32:59');
INSERT INTO `user_sport_plan_item` VALUES (68, 15, 1, '2026-03-10', 2, 'JUMP_ROPE', 15, NULL, '19:00', '短时高频训练', 1, '2026-03-10 15:17:06', '2026-03-07 20:32:59', '2026-03-07 20:32:59');
INSERT INTO `user_sport_plan_item` VALUES (69, 15, 1, '2026-03-12', 4, 'CYCLING', 40, NULL, '19:00', '中等强度骑行', 0, NULL, '2026-03-07 20:32:59', '2026-03-07 20:32:59');
INSERT INTO `user_sport_plan_item` VALUES (70, 15, 1, '2026-03-14', 6, 'RUNNING', 45, 5.00, '08:00', '周末耐力跑', 0, NULL, '2026-03-07 20:32:59', '2026-03-07 20:32:59');
INSERT INTO `user_sport_plan_item` VALUES (71, 15, 1, '2026-03-15', 7, 'WALKING', 30, NULL, '17:00', '恢复调整', 0, NULL, '2026-03-07 20:32:59', '2026-03-07 20:32:59');
INSERT INTO `user_sport_plan_item` VALUES (72, 16, 1, '2026-03-23', 1, 'RUNNING', 30, 3.00, '19:30', '慢跑+拉伸', 0, NULL, '2026-03-07 20:33:32', '2026-03-07 20:33:32');
INSERT INTO `user_sport_plan_item` VALUES (73, 16, 1, '2026-03-25', 3, 'CYCLING', 40, NULL, '19:30', '中等强度骑行', 0, NULL, '2026-03-07 20:33:32', '2026-03-07 20:33:32');
INSERT INTO `user_sport_plan_item` VALUES (74, 16, 1, '2026-03-27', 5, 'STRENGTH_TRAINING', 35, NULL, '20:00', '全身力量', 0, NULL, '2026-03-07 20:33:32', '2026-03-07 20:33:32');
INSERT INTO `user_sport_plan_item` VALUES (75, 16, 1, '2026-03-29', 7, 'WALKING', 45, NULL, '16:30', '快走恢复', 0, NULL, '2026-03-07 20:33:32', '2026-03-07 20:33:32');

SET FOREIGN_KEY_CHECKS = 1;
